district,foreign,domestic,Ratio
Hyderabad,1044898,83900960,80.29583749
Warangal (Rural),306,819162,2677
Mulugu,575,1819800,3164.869565
Warangal (Urban),8821,30726603,3483.346899
Jogulamba Gadwal ,945,6813340,7209.883598
Mahbubnagar,2282,17180118,7528.535495
Nagarkurnool ,761,7424355,9756.051248
Jayashankar Bhoopalpally,1252,19632865,15681.20208
